{"cameraMode":{"drawMode":0,"name":"Shaded","section":"Shading Mode"},"sceneLighting":false,"audioPlay":false,"sceneViewState":{"m_AlwaysRefresh":false,"showFog":true,"showSkybox":false,"showFlares":true,"showImageEffects":true,"showParticleSystems":true,"showVisualEffectGraphs":true,"m_FxEnabled":true},"in2DMode":false,"pivot":{"x":6.545558929443359,"y":26.90674591064453,"z":-23.38458251953125},"rotation":{"x":-0.05397434160113335,"y":-0.00030532386153936386,"z":0.00000782854203862371,"w":-0.9985554218292236},"size":1.4148755073547364,"orthographic":false}